key1,value
1,0.33783515120793295
2,0.8879740438370417
3,0.9954724098279284
