key1,value
1,17.90127447955128
2,32.40614392350479
3,33.79366329965464
4,27.380521378450965
5,35.49039417632208
6,36.641777499363556
7,17.51556678529214
8,38.59035296058139
9,23.42127942501384
10,20.880603366855215
