key1,value
1,40.26139092254469
2,55.600845832948096
3,69.26365745327361
4,48.94901466608836
5,62.394404042276186
6,60.35346428902198
7,43.8667990162493
8,62.161910324186955
9,43.63466212936811
10,43.8162736165273
