key1,key2,value
1,1,2.2311709249714897
1,2,2.322092700581774
1,3,0.9626049459595971
2,1,2.186398239808665
2,2,1.814937397365752
2,3,0.2678605509087968
3,1,1.3251497941774986
3,2,2.740298416256221
3,3,1.2215110825213369
