key1,value
1,0.48446032970766195
2,0.5165014182566774
3,0.37391020969314415
4,0.05620582040600253
5,0.7914903920812342
6,0.06561696761193192
7,0.7095693983643895
8,0.4033851410124437
9,0.780516429627652
10,0.5242862170884951
