key1,value
1,6.706016898802254
2,5.521212068038362
3,7.6255416683762505
4,5.602180328301564
5,5.172882547590664
6,5.099213133523956
7,5.151677845076421
8,6.081125245346888
9,5.5973293171967
10,6.105055782724312
11,6.392655391360664
12,6.190826832549493
13,7.769220705118913
14,7.043523081330132
15,5.725814283768835
