key1,value
1,0.34273283925755993
2,0.9013837761445245
3,0.3592508863666324
4,0.18842603389086943
5,0.9480843537069427
6,0.9182054088414334
7,0.4033916445011253
8,0.2284182848358255
9,0.7271688281363213
10,0.13120577641718256
11,0.7340766193115209
12,0.5896928347992416
13,0.16898474189014712
14,0.3665914513998485
15,0.6505403801212247
