key1,value
1,0.2908277918094866
2,0.7278319114468128
3,0.5963699186155024
